aaa,20,女
bbb,30,女
Tane,20,男
Timo,23,男
Tane,20,男
Timo,23,男
Tane,20,男
Timo,23,男
Tane,20,男
Timo,23,男
Tane,20,男
Timo,23,男
Tane,20,男
Timo,23,男
Tane,20,男
Timo,23,男
Tane,20,男
Timo,23,男
Tane,20,男
Timo,23,男
Tane,20,男
Timo,23,男
Tane,20,男
Timo,23,男
Tane,20,男
Timo,23,男
Tane,20,男
Timo,23,男
Tane,20,男
Timo,23,男
Tane,20,男
Timo,23,男
Tane,20,男
Timo,23,男
Tane,20,男
Timo,23,男
Tane,20,男
Timo,23,男
Tane,20,男
Timo,23,男
Tane,20,男
Timo,23,男
Tane,20,男
Timo,23,男
Tane,20,男
Timo,23,男
Tane,20,男
Timo,23,男
Tane,20,男
Timo,23,男
Tane,20,男
Timo,23,男
Tane,20,男
Timo,23,男
Tane,20,男
Timo,23,男
Tane,20,男
Timo,23,男
Tane,20,男
Timo,23,男
Tane,20,男
Timo,23,男
Tane,20,男
Timo,23,男
Tane,20,男
Timo,23,男
Tane,20,男
Timo,23,男
Tane,20,男
Timo,23,男
Tane,20,男
Timo,23,男
Tane,20,男
Timo,23,男
Tane,20,男
Timo,23,男
Tane,20,男
Timo,23,男
